PUT,mD7,booLeejae8ne0lahgoos
PUT,1VB,ahghukooy8ooYi7eeChe
PUT,8CX,eK8zae6LaeTh2Niijeih
PUT,5dZ,xoor5Yoidujechiebe7w
PUT,M6g,Uob5dahp3wo6xa9bah2h
PUT,0Ml,hi3fieyaaMah7roo3the
PUT,m0J,gie0io0ekai0phian6Tu
PUT,eY8,aeM9leibaukae1shaeph
PUT,AJ4,oonie5FuNg0oab9zahfe
PUT,v9W,Oe6goht5aihaikeeshie
PUT,ahC4y,woh6ua7Aifeekeiroo7jiePaeLaic9aimoichaidue7AiPh
PUT,Pai4s,ahP6teeJeik8iem3eew3vio7Quafahlo9eezo7aez7ti3ao
PUT,Da3ei,booGhuthomohchohl5oongoovah8Poox3sahjutai0uphei
PUT,ohp6N,fig9iesum2Ke4aighaqu7loyoochuach5koo5einoo2she7
PUT,ou2Oi,Booghaith5liey2EirooYai2gohthaij2ZeibuuThojo2fo
PUT,ooH2a,uochoo6Geequoe9AGhoo8soh8uad4oohu6eehe3thien1fi
PUT,Ae8og,Thee1ohdie6ocaethi9epozobea3uo2zaerethae3iehube
PUT,ohY7V,ies5eingooh9mot2aetoovai2lie3oke0oiyahthaiX5zoz
PUT,ohL3g,thu4ni9oogh5ac4dexieLeegho9muu3oquaemahkaa5Eet8
PUT,AhCh8,aor2OYa4od9jaeph4eeGeexahng4Ha6hooboophi6ohnohw
PUT,nahZ0quu,tuGee9atisha4eikoh
PUT,aiC3sahR,aeNg6Umiemi5ahhu9U
PUT,hee0Woth,eig0eed4zung0HooF5
PUT,aeVieGh8,uHoh0oi7eeyaizaelo
PUT,aht3YaXa,ooco8Uxah9cohohTai
PUT,eeghe2Ze,pheiw7Ahneiseechee
PUT,Siesh6Al,oomashi4la4faeWahr
PUT,iehooSu8,iefiuquieBohv1aolu
PUT,ooZosh3d,peeHoush8eiphaishi
PUT,shaep6Hu,eb5axodau5aiCh7thi
PUT,HUH4,ichah9eeYae2wai7hei
PUT,P2UH,Eihai3Eighuquaeh4wo
PUT,B4mR,Iu8taighohFiengathe
PUT,2F63,AeNga0oov0uuthoofit
PUT,D3nu,ooweemoo5biceis9oTa
PUT,zNu5,ye8oovooxo5vaiNat7g
PUT,DSA0,Beef6Iup9EiVeyah8ei
PUT,g6mZ,Jah5oos9qua4daeNgah
PUT,2HmK,ooG3Un6oophooshi9Qu
PUT,O48i,EXae4eeGethaipaosoo
PUT,Mo6pi0Aig,Q3jZ
PUT,eedahJ7Aj,4j5X
PUT,OoFei2jao,95Zi
PUT,Oofe8aizi,9GyN
PUT,YeeYeNoo4,rAi6
PUT,eZia6rief,x9CE
PUT,bohhieV4a,sE0h
PUT,weevuon5G,6JwR
PUT,seed7Obae,l6Jn
PUT,iP7ri9al1,0nzV
PUT,Doh1thoiv,ing3uph0OoRaH3nae6eethienaivahw9teTheiJ
PUT,akae7iPh,Lai1eehaNgaw
DELETE,seed7Obae,l6Jn
PUT,ho9sie2Oc,ohmaaX1Itu8acahvii2eish0mohHaexaeXi5che
DELETE,eeghe2Ze,pheiw7Ahneiseechee
PUT,44gQ,dooZ1aaB9aegohg9ahth6xezaish
GET,5dZ,xoor5Yoidujechiebe7w
DELETE,weevuon5G,6JwR
GET,Oofe8aizi,9GyN
DELETE,aeVieGh8,uHoh0oi7eeyaizaelo
DELETE,ooZosh3d,peeHoush8eiphaishi
GET,OoFei2jao,95Zi
DELETE,weevuon5G,6JwR
GET,v9W,Oe6goht5aihaikeeshie
GET,ahC4y,woh6ua7Aifeekeiroo7jiePaeLaic9aimoichaidue7AiPh
PUT,OJ7ae,phie9chaoxohrohn7HaetaegeaR6jieVooCuepiecorofu6pha
DELETE,0Ml,hi3fieyaaMah7roo3the
GET,Oofe8aizi,9GyN
PUT,lou1Aeph3,aelaif7ahqu4eeheLah2ohke2thohlee4eiYoH6
GET,eeghe2Ze,pheiw7Ahneiseechee
PUT,ePhi2fies,ahthu3oomaveepheiv6Quee7ierooYah1UShap4
PUT,Cee0ohth,zae1shookahK
DELETE,hee0Woth,eig0eed4zung0HooF5
GET,HUH4,ichah9eeYae2wai7hei
DELETE,v9W,Oe6goht5aihaikeeshie
DELETE,ahC4y,woh6ua7Aifeekeiroo7jiePaeLaic9aimoichaidue7AiPh
PUT,aeXee6Phi,gaex0Jeep3ooRu8weego1hu3odue4zaaghoof5e
GET,iP7ri9al1,0nzV
GET,HUH4,ichah9eeYae2wai7hei
GET,Oofe8aizi,9GyN
GET,shaep6Hu,eb5axodau5aiCh7thi
GET,2F63,AeNga0oov0uuthoofit
PUT,JAx5,feineetae9peeDahThuox0Oj6eip
GET,Mo6pi0Aig,Q3jZ
GET,8CX,eK8zae6LaeTh2Niijeih
GET,Ae8og,Thee1ohdie6ocaethi9epozobea3uo2zaerethae3iehube
PUT,Ki5aefie,thoh3Ou5oof9
GET,M6g,Uob5dahp3wo6xa9bah2h
GET,shaep6Hu,eb5axodau5aiCh7thi
GET,Oofe8aizi,9GyN
GET,iehooSu8,iefiuquieBohv1aolu
PUT,eoY4p,baimohneephu5opieyae9eihio8leeniuPuhuBohw5daiFaeze
PUT,aQuoh6aed,aechooqu5aefuiz8Hea1uheecaiBequ2Iesohyi
GET,AhCh8,aor2OYa4od9jaeph4eeGeexahng4Ha6hooboophi6ohnohw
PUT,Aoth8wiu8,teigahz9aphei2eN4chapaecahthaizohghumao
GET,5dZ,xoor5Yoidujechiebe7w
GET,eeghe2Ze,pheiw7Ahneiseechee
PUT,bx8N,eeHahquiox3gei8fe7oothiey2oh
GET,hee0Woth,eig0eed4zung0HooF5
PUT,pxK8,meeciM5beuv9ahyiuh7eengiSoo9
GET,O48i,EXae4eeGethaipaosoo
GET,OoFei2jao,95Zi
PUT,aoDo1,leeGi4ahy8fe2Eing1leeChib6eiR0Ofachah9butuuvaenuix
GET,hee0Woth,eig0eed4zung0HooF5
GET,aiC3sahR,aeNg6Umiemi5ahhu9U
GET,shaep6Hu,eb5axodau5aiCh7thi
GET,ahC4y,woh6ua7Aifeekeiroo7jiePaeLaic9aimoichaidue7AiPh
GET,shaep6Hu,eb5axodau5aiCh7thi
GET,ooZosh3d,peeHoush8eiphaishi
GET,OoFei2jao,95Zi
PUT,ie1Ae,iecoquo7ohFoongaK7ain4mauGieChei1poo2eeBi2koitaiga
PUT,eum4uoZa3,thoghuroojeiquaicagaeJ7aebohbec2ighahjo
PUT,eiCh5,wootahhu8xeo5thooKoo7Iphijeejoo0Keiz8AhNgousiepofu
GET,weevuon5G,6JwR
GET,Pai4s,ahP6teeJeik8iem3eew3vio7Quafahlo9eezo7aez7ti3ao
GET,YeeYeNoo4,rAi6
GET,AJ4,oonie5FuNg0oab9zahfe
GET,M6g,Uob5dahp3wo6xa9bah2h
GET,aeVieGh8,uHoh0oi7eeyaizaelo
GET,iP7ri9al1,0nzV
GET,AhCh8,aor2OYa4od9jaeph4eeGeexahng4Ha6hooboophi6ohnohw
PUT,Phoh2,fai3eihee2TahY4mei4iiraXaiquohsh4ChoJeowiepeeleedo
PUT,ieThej4li,soochoe7uNg4phiengoh7fuTh3koowohluM5uku
GET,HUH4,ichah9eeYae2wai7hei
GET,ahC4y,woh6ua7Aifeekeiroo7jiePaeLaic9aimoichaidue7AiPh
GET,eZia6rief,x9CE
GET,1VB,ahghukooy8ooYi7eeChe
GET,1VB,ahghukooy8ooYi7eeChe
PUT,lou1Aeph3,aelaif7ahqu4eeheLah2ohke2thohlee4eiYoH6
GET,2F63,AeNga0oov0uuthoofit
PUT,Ahlai1kah9du,EVezuotai6sooview5
GET,Ae8og,Thee1ohdie6ocaethi9epozobea3uo2zaerethae3iehube
PUT,poo6aVoo,shahch5viZ2U
GET,ohp6N,fig9iesum2Ke4aighaqu7loyoochuach5koo5einoo2she7
GET,bohhieV4a,sE0h
PUT,wi4Miebe,sooF4Phae1ae
PUT,akae7iPh,Lai1eehaNgaw
GET,M6g,Uob5dahp3wo6xa9bah2h
GET,eeghe2Ze,pheiw7Ahneiseechee
PUT,eeW8oPec,mieGo6ue0Uuw
GET,Mo6pi0Aig,Q3jZ
GET,ooZosh3d,peeHoush8eiphaishi
GET,v9W,Oe6goht5aihaikeeshie
GET,ahC4y,woh6ua7Aifeekeiroo7jiePaeLaic9aimoichaidue7AiPh
GET,Da3ei,booGhuthomohchohl5oongoovah8Poox3sahjutai0uphei
GET,DSA0,Beef6Iup9EiVeyah8ei
PUT,Jee1phoo,jahH8aeh7loh
GET,eZia6rief,x9CE
GET,2HmK,ooG3Un6oophooshi9Qu
PUT,Du9ruKiek,laidie4ieShiquoh7ahGhahfuJu5TaeThaiDooc
